{
    "Mar12014": {
        "gammas": 10.0,
        "L0": 18.18371280728065,
        "Nperiod": 0.9221388919541469,
        "N": 0.01807392228230128,
        "fluxes": 60,
        "name": "Mar12014",
        "time_list": [
            1,
            600,
            28800
        ]
    },
    "Dec142013": {
        "gammas": 10.0,
        "L0": 23.47507229160549,
        "Nperiod": 0.9221388919541469,
        "N": 0.01807392228230128,
        "fluxes": 100,
        "name": "Dec142013",
        "time_list": [
            1,
            600,
            28800
        ]
    },
    "Mar52014": {
        "gammas": 10.0,
        "L0": 28.750974394690623,
        "Nperiod": 0.9221388919541469,
        "N": 0.01807392228230128,
        "fluxes": 150,
        "name": "Mar52014",
        "time_list": [
            1,
            600,
            28800
        ]
    },
    "Jan152014_1": {
        "gammas": 5.0,
        "L0": 48.35318260709335,
        "Nperiod": 1.3041013273932525,
        "N": 0.012780193008453877,
        "fluxes": 150,
        "name": "Jan152014_1",
        "time_list": [
            1,
            600,
            28800
        ]
    },
    "Dec252013": {
        "gammas": 2.5,
        "L0": 51.431306532707275,
        "Nperiod": 1.8442777839082938,
        "N": 0.00903696114115064,
        "fluxes": 60,
        "name": "Dec252013",
        "time_list": [
            1,
            600,
            28800
        ]
    },
    "Dec202013": {
        "L0": 30.581237831290704,
        "fluxes": 60,
        "name": "Dec202013",
        "Nperiod": 1.3041013273932525,
        "time_list": [
            1,
            600,
            28800
        ],
        "N": 0.012780193008453877,
        "gammas": 5.0
    },
    "Nov302013": {
        "gammas": 5.0,
        "L0": 39.4802082756657,
        "Nperiod": 1.3041013273932525,
        "N": 0.012780193008453877,
        "fluxes": 100,
        "name": "Nov302013",
        "time_list": [
            1,
            900,
            28800
        ]
    },
    "Dec202013": {
        "gammas": 5.0,
        "L0": 30.581237831290704,
        "time_index": 32,
        "Nperiod": 1.3041013273932525,
        "N": 0.012780193008453877,
        "fluxes": 60,
        "nd_time": 253.04782156738676,
        "name": "Dec202013",
        "time_list": [
            1,
            600,
            28800
        ]
    }
}
